start,end,distance
A0000045,A0000063,3832.679727688176
A0000063,A0000045,3832.679727688176
A0000212,A0000221,3088.3574267257763
A0000221,A0000212,3088.3574267257763
